<?xml version='1.0' encoding='utf-8' standalone='yes' ?>
<map>
    <long name="first_open_time" value="1757665436504" />
    <string name="gmp_app_id">1:316307921704:android:1d475724805ec28e5a8e1d</string>
    <string name="app_instance_id">f9a10ce7ae7660dc19f1b13a75941f7e</string>
    <long name="session_id" value="1758441548" />
    <boolean name="app_backgrounded" value="true" />
    <long name="health_monitor:start" value="1758441548009" />
    <boolean name="use_service" value="true" />
    <boolean name="deferred_analytics_collection" value="false" />
    <string name="previous_os_version">10</string>
    <boolean name="has_been_opened" value="true" />
    <boolean name="allow_remote_dynamite" value="true" />
    <long name="last_pause_time" value="1758441564522" />
    <boolean name="start_new_session" value="false" />
</map>
