{"Fid":"cm2jsr8qRbq7VrMPPN5qiI","Status":3,"AuthToken":"eyJhbGciOiJFUzI1NiIsInR5cCI6IkpXVCJ9.eyJhcHBJZCI6IjE6MzE2MzA3OTIxNzA0OmFuZHJvaWQ6MWQ0NzU3MjQ4MDVlYzI4ZTVhOGUxZCIsImV4cCI6MTc1OTA0NjM0OCwiZmlkIjoiY20yanNyOHFSYnE3VnJNUFBONXFpSSIsInByb2plY3ROdW1iZXIiOjMxNjMwNzkyMTcwNH0.AB2LPV8wRQIgEeKArWzMTi2XihVMWa6bBKdun__lfCpIrXJpqsZeksgCIQDPpDGl_V5BfDJ_qOAr7Zm_LHIh4NFccdQztPlAS8xU8A","RefreshToken":"3_AS3qfwKEtxrorkrEswM3LzngYCLCX47wyyd56HHLqLJbbAFl98L660HUl8_Fx2-ZV6UrnG-I2BGxSRbSCvjpFYsR60bd6s2p74UtsY5Mcaef1Zs","TokenCreationEpochInSecs":1758441549,"ExpiresInSecs":604800}